Snow,Vidotti
Carlos,Bruno L.
Mauricio,Zanelatto
Beltrame,Zanese
Fernando,Bortoli
Pedro,Bosquetto
Diego,Hunas
Branco,Cunha
Umbelino,Stella
Albuquerque,Higor
Ricardo,Felipe
Leticia,Nil
Derenevick,Rodrigo
Snow,Bruno L.
Vidotti,Zanelatto
Carlos,Zanese
Mauricio,Bortoli
Beltrame,Bosquetto
Fernando,Hunas
Pedro,Cunha
Diego,Stella
Branco,Higor
Umbelino,Felipe
Albuquerque,Nil
Ricardo,Rodrigo
Leticia,Derenevick
Snow,Zanelatto
Bruno L.,Zanese
Vidotti,Bortoli
Carlos,Bosquetto
Mauricio,Hunas
Beltrame,Cunha
Fernando,Stella
Pedro,Higor
Diego,Felipe
Branco,Nil
Umbelino,Rodrigo
Albuquerque,Derenevick
Ricardo,Leticia
Snow,Zanese
Zanelatto,Bortoli
Bruno L.,Bosquetto
Vidotti,Hunas
Carlos,Cunha
Mauricio,Stella
Beltrame,Higor
Fernando,Felipe
Pedro,Nil
Diego,Rodrigo
Branco,Derenevick
Umbelino,Leticia
Albuquerque,Ricardo
Snow,Bortoli
Zanese,Bosquetto
Zanelatto,Hunas
Bruno L.,Cunha
Vidotti,Stella
Carlos,Higor
Mauricio,Felipe
Beltrame,Nil
Fernando,Rodrigo
Pedro,Derenevick
Diego,Leticia
Branco,Ricardo
Umbelino,Albuquerque
Snow,Bosquetto
Bortoli,Hunas
Zanese,Cunha
Zanelatto,Stella
Bruno L.,Higor
Vidotti,Felipe
Carlos,Nil
Mauricio,Rodrigo
Beltrame,Derenevick
Fernando,Leticia
Pedro,Ricardo
Diego,Albuquerque
Branco,Umbelino
Snow,Hunas
Bosquetto,Cunha
Bortoli,Stella
Zanese,Higor
Zanelatto,Felipe
Bruno L.,Nil
Vidotti,Rodrigo
Carlos,Derenevick
Mauricio,Leticia
Beltrame,Ricardo
Fernando,Albuquerque
Pedro,Umbelino
Diego,Branco
Snow,Cunha
Hunas,Stella
Bosquetto,Higor
Bortoli,Felipe
Zanese,Nil
Zanelatto,Rodrigo
Bruno L.,Derenevick
Vidotti,Leticia
Carlos,Ricardo
Mauricio,Albuquerque
Beltrame,Umbelino
Fernando,Branco
Pedro,Diego
Snow,Stella
Cunha,Higor
Hunas,Felipe
Bosquetto,Nil
Bortoli,Rodrigo
Zanese,Derenevick
Zanelatto,Leticia
Bruno L.,Ricardo
Vidotti,Albuquerque
Carlos,Umbelino
Mauricio,Branco
Beltrame,Diego
Fernando,Pedro
Snow,Higor
Stella,Felipe
Cunha,Nil
Hunas,Rodrigo
Bosquetto,Derenevick
Bortoli,Leticia
Zanese,Ricardo
Zanelatto,Albuquerque
Bruno L.,Umbelino
Vidotti,Branco
Carlos,Diego
Mauricio,Pedro
Beltrame,Fernando
Snow,Felipe
Higor,Nil
Stella,Rodrigo
Cunha,Derenevick
Hunas,Leticia
Bosquetto,Ricardo
Bortoli,Albuquerque
Zanese,Umbelino
Zanelatto,Branco
Bruno L.,Diego
Vidotti,Pedro
Carlos,Fernando
Mauricio,Beltrame
Snow,Nil
Felipe,Rodrigo
Higor,Derenevick
Stella,Leticia
Cunha,Ricardo
Hunas,Albuquerque
Bosquetto,Umbelino
Bortoli,Branco
Zanese,Diego
Zanelatto,Pedro
Bruno L.,Fernando
Vidotti,Beltrame
Carlos,Mauricio
Snow,Rodrigo
Nil,Derenevick
Felipe,Leticia
Higor,Ricardo
Stella,Albuquerque
Cunha,Umbelino
Hunas,Branco
Bosquetto,Diego
Bortoli,Pedro
Zanese,Fernando
Zanelatto,Beltrame
Bruno L.,Mauricio
Vidotti,Carlos
Snow,Derenevick
Rodrigo,Leticia
Nil,Ricardo
Felipe,Albuquerque
Higor,Umbelino
Stella,Branco
Cunha,Diego
Hunas,Pedro
Bosquetto,Fernando
Bortoli,Beltrame
Zanese,Mauricio
Zanelatto,Carlos
Bruno L.,Vidotti
Snow,Leticia
Derenevick,Ricardo
Rodrigo,Albuquerque
Nil,Umbelino
Felipe,Branco
Higor,Diego
Stella,Pedro
Cunha,Fernando
Hunas,Beltrame
Bosquetto,Mauricio
Bortoli,Carlos
Zanese,Vidotti
Zanelatto,Bruno L.
Snow,Ricardo
Leticia,Albuquerque
Derenevick,Umbelino
Rodrigo,Branco
Nil,Diego
Felipe,Pedro
Higor,Fernando
Stella,Beltrame
Cunha,Mauricio
Hunas,Carlos
Bosquetto,Vidotti
Bortoli,Bruno L.
Zanese,Zanelatto
Snow,Albuquerque
Ricardo,Umbelino
Leticia,Branco
Derenevick,Diego
Rodrigo,Pedro
Nil,Fernando
Felipe,Beltrame
Higor,Mauricio
Stella,Carlos
Cunha,Vidotti
Hunas,Bruno L.
Bosquetto,Zanelatto
Bortoli,Zanese
Snow,Umbelino
Albuquerque,Branco
Ricardo,Diego
Leticia,Pedro
Derenevick,Fernando
Rodrigo,Beltrame
Nil,Mauricio
Felipe,Carlos
Higor,Vidotti
Stella,Bruno L.
Cunha,Zanelatto
Hunas,Zanese
Bosquetto,Bortoli
Snow,Branco
Umbelino,Diego
Albuquerque,Pedro
Ricardo,Fernando
Leticia,Beltrame
Derenevick,Mauricio
Rodrigo,Carlos
Nil,Vidotti
Felipe,Bruno L.
Higor,Zanelatto
Stella,Zanese
Cunha,Bortoli
Hunas,Bosquetto
Snow,Diego
Branco,Pedro
Umbelino,Fernando
Albuquerque,Beltrame
Ricardo,Mauricio
Leticia,Carlos
Derenevick,Vidotti
Rodrigo,Bruno L.
Nil,Zanelatto
Felipe,Zanese
Higor,Bortoli
Stella,Bosquetto
Cunha,Hunas
Snow,Pedro
Diego,Fernando
Branco,Beltrame
Umbelino,Mauricio
Albuquerque,Carlos
Ricardo,Vidotti
Leticia,Bruno L.
Derenevick,Zanelatto
Rodrigo,Zanese
Nil,Bortoli
Felipe,Bosquetto
Higor,Hunas
Stella,Cunha
Snow,Fernando
Pedro,Beltrame
Diego,Mauricio
Branco,Carlos
Umbelino,Vidotti
Albuquerque,Bruno L.
Ricardo,Zanelatto
Leticia,Zanese
Derenevick,Bortoli
Rodrigo,Bosquetto
Nil,Hunas
Felipe,Cunha
Higor,Stella
Snow,Beltrame
Fernando,Mauricio
Pedro,Carlos
Diego,Vidotti
Branco,Bruno L.
Umbelino,Zanelatto
Albuquerque,Zanese
Ricardo,Bortoli
Leticia,Bosquetto
Derenevick,Hunas
Rodrigo,Cunha
Nil,Stella
Felipe,Higor
Snow,Mauricio
Beltrame,Carlos
Fernando,Vidotti
Pedro,Bruno L.
Diego,Zanelatto
Branco,Zanese
Umbelino,Bortoli
Albuquerque,Bosquetto
Ricardo,Hunas
Leticia,Cunha
Derenevick,Stella
Rodrigo,Higor
Nil,Felipe
Snow,Carlos
Mauricio,Vidotti
Beltrame,Bruno L.
Fernando,Zanelatto
Pedro,Zanese
Diego,Bortoli
Branco,Bosquetto
Umbelino,Hunas
Albuquerque,Cunha
Ricardo,Stella
Leticia,Higor
Derenevick,Felipe
Rodrigo,Nil